DateTime,Top1,Top2,Temp,Hum,L6B,CELL
2016/6/1,81753.6,81254.4,28.9,68.8,3937,3460
2016/6/2,80409.6,80294.4,25.8,86.7,3936,3206
2016/6/3,81408,81216,27.4,79.9,4309,3496
2016/6/4,82444.8,82176,28.2,73.9,4216,4526
2016/6/5,82214.4,81907.2,26.8,73.7,4154,3542
2016/6/6,81676.8,81600,25.1,82.3,3999,3202
2016/6/7,80524.8,80256,26.4,73.2,3813,4436
2016/6/8,80448,80294.4,26.7,74.6,3719,3456
2016/6/9,81331.2,81292.8,26.2,76.3,3968,3861
2016/6/10,83481.6,81177.6,25.6,79.5,3906,4304
2016/6/11,81100.8,80947.2,25.2,78.5,4030,4411
2016/6/12,80832,80832,26.1,74.1,3937,4024
2016/6/13,80716.8,80563.2,26.5,71.4,3875,3058
2016/6/14,79948.8,79948.8,24.2,84.2,3254,2842
2016/6/15,80601.6,80524.8,27.9,72.6,3720,4077
2016/6/16,81216,81139.2,28.2,71.3,4072,4476
2016/6/17,83481.6,81984,27.5,75.6,3487,3882
2016/6/18,81638.4,81254.4,27.5,69.9,4213,4038
2016/6/19,81216,81062.4,28.1,70.8,4340,3931
2016/6/20,81753.6,81523.2,28,68.2,4216,4627
2016/6/21,82521.6,82022.4,28.4,69.7,4257,4299
2016/6/22,81715.2,81676.8,28.6,73.1,4123,3842
2016/6/23,82022.4,81907.2,28.3,73.1,4197,3476
2016/6/24,82060.8,81984,28.2,70.6,4123,4515
2016/6/25,84595.2,81753.6,28.7,72.5,4154,3802
2016/6/26,81830.4,81715.2,28.6,71.5,3906,3453
2016/6/27,81331.2,81292.8,29.2,65,4061,4320
2016/6/28,82521.6,81600,27.8,71.6,4278,3899
2016/6/29,81369.6,81292.8,27.7,72.9,4123,4121
2016/6/30,81216,81177.6,27.8,68.1,3627,4823
2016/7/1,80832,80640,28.3,69.5,4030,3329
2016/7/2,83712,80908.8,27.3,73.5,4216,3719
2016/7/3,81254.4,81216,27.4,69.7,4154,3776
2016/7/4,80524.8,80448,27.7,71.9,3939,3672
2016/7/5,82905.6,80908.8,28.3,68.4,3813,3366
2016/7/6,80601.6,80256,29.3,63.7,3751,3975
2016/7/7,81292.8,81139.2,27.6,74.6,3518,3340
2016/7/8,80985.6,80947.2,26.7,75.6,3782,4197
2016/7/9,84288,81254.4,27.2,74.7,4061,3015
2016/7/10,81292.8,81216,27.1,72.8,3862,3129
2016/7/11,81561.6,81369.6,26.9,73,3999,4677
2016/7/12,81216,81062.4,28.4,65.1,4216,4464
2016/7/13,83097.6,81408,28.5,68.6,4256,4055
2016/7/14,82329.6,82291.2,28.7,67.1,3658,3973
2016/7/15,82636.8,82636.8,28.5,70.3,4347,3920
2016/7/16,82444.8,82329.6,28.9,69.3,4092,4089
2016/7/17,82828.8,82752,28.2,67.8,4207,4391
2016/7/18,81216,81062.4,27.8,64.9,4197,4249
2016/7/19,81676.8,81408,27.2,67.5,4340,4585
2016/7/20,81369.6,81331.2,27.6,72.4,4278,4442
2016/7/21,81523.2,81408,28,73.2,4216,4469
2016/7/22,82214.4,82137.6,28.3,70.6,4120,4526
2016/7/23,82598.4,82368,28.7,69.9,4278,4112
2016/7/24,82598.4,82598.4,28.6,67.8,4495,4400
2016/7/25,83404.8,83136,28.4,71.8,4123,4571
2016/7/26,82828.8,82675.2,28.3,66.3,4188,4476
2016/7/27,82752,82444.8,28.3,70.4,4123,4353
2016/7/28,83366.4,83097.6,29.4,64.5,4123,3890
2016/7/29,83404.8,83020.8,29,67.1,4123,4593
2016/7/30,82752,82521.6,29.2,60,4278,4606
2016/7/31,82329.6,82252.8,29.4,60.9,4030,4345
2016/8/1,81868.8,81561.6,28.3,70.1,4051,3459
2016/8/2,82137.6,82022.4,27.2,73.3,3658,3593
2016/8/3,81446.4,81446.4,28,70.9,3931,4190
2016/8/4,81446.4,81331.2,28.1,71.1,4045,4354
2016/8/5,82060.8,81907.2,28.1,75,4381,4322
2016/8/6,82252.8,82252.8,28.4,68.1,4061,3943
2016/8/7,81868.8,81561.6,28.4,69,3751,3766
2016/8/8,80678.4,80678.4,28.6,70.4,3813,4465
2016/8/9,81446.4,81254.4,28.3,71.3,3906,2840
2016/8/10,81676.8,81600,28.4,71.7,3937,3579
2016/8/11,82060.8,81523.2,26,83.9,4433,4101
2016/8/12,81676.8,81638.4,26.2,83.1,4185,3204
2016/8/13,82214.4,82060.8,25.7,84,4309,4812
2016/8/14,82713.6,82598.4,27.8,75.8,4309,4081
2016/8/15,82867.2,82560,27.7,76.7,4306,3658
2016/8/16,81062.4,81024,26.5,79.2,4154,4027
2016/8/17,81638.4,81484.8,26.4,77.7,3596,3636
2016/8/18,81830.4,81561.6,27.3,73.6,3875,3785
2016/8/19,81408,81254.4,27.5,74,3782,4599
2016/8/20,82252.8,82176,28,74.8,4053,4184
2016/8/21,82060.8,81753.6,28.2,72.9,4154,4088
2016/8/22,81600,81600,28.6,64.4,4030,4166
2016/8/23,83174.4,82982.4,28.7,69.7,4231,4360
2016/8/24,83788.8,83174.4,28.3,64.1,4247,4128
2016/8/25,83750.4,83059.2,28.3,67,4278,4568
2016/8/26,83097.6,83020.8,29.2,64.4,3942,4439
2016/8/27,82752,82752,26.8,78.8,4626,4466
2016/8/28,82521.6,82483.2,24.7,72.1,4463,4433
2016/8/29,80140.8,80102.4,25.8,59,4526,3981
2016/8/30,80524.8,80486.4,26.5,57.2,4767,3757
2016/8/31,79756.8,79449.6,26.9,59.2,4309,5011
2016/9/1,80947.2,80793.6,27.7,66.5,4408,3205
2016/9/2,81024,80908.8,26.8,77,4123,3793
2016/9/3,82406.4,82214.4,25.5,84.6,4154,3762
2016/9/4,81868.8,81715.2,27.8,70.3,4092,4343
2016/9/5,82214.4,81907.2,26.9,75.8,4123,4810
2016/9/6,81369.6,81100.8,25.2,85,4154,4108
2016/9/7,80832,80755.2,27,68.5,3968,3994
2016/9/8,81715.2,81600,26.5,76.1,3906,4368
2016/9/9,81331.2,81254.4,24.7,85.5,4061,4174
2016/9/10,81907.2,81600,25.9,79.7,4084,4228
2016/9/11,81984,81984,27.2,75.8,4061,3333
2016/9/12,81446.4,81254.4,25,84.3,4019,4009
2016/9/13,81177.6,81139.2,26.3,74.6,3844,4127
2016/9/14,80908.8,80793.6,26.2,72.4,3859,4111
2016/9/15,80640,80486.4,25.7,78.5,4123,3778
2016/9/16,80601.6,80563.2,26.9,72.5,4210,3391
2016/9/17,81100.8,81062.4,23.8,89,4221,4435
2016/9/18,80678.4,80524.8,24.6,72.3,4216,4619
2016/9/19,80409.6,80294.4,24.6,68.9,4309,3846
2016/9/20,80716.8,80640,24,71.8,4247,4236
2016/9/21,80563.2,80409.6,25.2,67.7,4247,4451
2016/9/22,81100.8,80870.4,25.3,71.6,4247,3890
2016/9/23,80332.8,80256,25.1,71.7,3993,4006
2016/9/24,80409.6,80409.6,25.7,69.2,4296,4320
2016/9/25,81024,81024,25.9,73.7,4061,3985
2016/9/26,81792,81753.6,25.7,82.8,3952,4550
2016/9/27,85209.6,81523.2,25.1,85.4,3720,4094
2016/9/28,81177.6,80908.8,25.9,80.5,4068,4456
2016/9/29,81830.4,81715.2,25.8,80.6,4057,4367
2016/9/30,80947.2,80947.2,25.7,77.2,4014,4672
2016/10/1,80908.8,80832,26.8,74.7,3813,3502
2016/10/2,80563.2,80294.4,26.8,67.2,3844,4409
2016/10/3,80294.4,80294.4,25.8,72.5,3540,4448
2016/10/4,80332.8,80332.8,25.8,69.8,4060,4192
2016/10/5,81024,81024,26.3,74.9,4215,3847
2016/10/6,80563.2,80371.2,27,66.2,4216,4221
2016/10/7,80294.4,80140.8,24.4,82.1,4619,3510
2016/10/8,81024,80947.2,24.1,83.5,4247,4396
2016/10/9,80371.2,80217.6,20.7,89.9,4216,4369
2016/10/10,78950.4,78950.4,21.2,93.5,4237,4292
2016/10/11,79449.6,79334.4,22,93.8,4340,3559
2016/10/12,78873.6,78566.4,21.3,92.6,4449,4195
2016/10/13,78912,78873.6,22.6,85,3875,3593
2016/10/14,78988.8,78912,23.2,86.7,3585,3897
2016/10/15,80409.6,80025.6,25.4,78.4,4097,4217
2016/10/16,80486.4,80409.6,27.1,66.5,4154,4274
2016/10/17,80832,80524.8,26.7,71.4,4127,3705
2016/10/18,80716.8,80524.8,26.8,69.2,4026,3745
2016/10/19,80179.2,80102.4,27.1,69.6,4216,3755
2016/10/20,80294.4,80140.8,28.1,26.6,4185,4547
2016/10/21,82176,81907.2,27.4,72,4185,4193
2016/10/22,81331.2,81292.8,26.5,78.8,4154,3886
2016/10/23,81408,81292.8,25.9,75.5,4278,4139
2016/10/24,81792,81446.4,25.2,74,4309,3907
2016/10/25,80832,80832,26.6,74.3,3751,3552
2016/10/26,81331.2,81139.2,26.2,75.5,4055,4304
2016/10/27,81062.4,80870.4,25.4,79.4,4292,4249
2016/10/28,81868.8,81868.8,25.9,75.2,4200,4195
2016/10/29,80409.6,80371.2,22.8,74.3,4180,4396
2016/10/30,79564.8,79449.6,21.6,71.5,4080,4387
2016/10/31,79987.2,79795.2,22.2,73.6,3782,4543
2016/11/1,78604.8,78451.2,20.7,71.4,4079,2595
2016/11/2,77836.8,77644.8,19.7,67.9,3001,3212
2016/11/3,76684.8,76684.8,20.1,71.7,4123,3106
2016/11/4,77452.8,77376,20.7,77.9,4247,2977
2016/11/5,78681.6,78489.6,22.4,70,3658,3516
2016/11/6,78835.2,78681.6,23.6,66.3,4433,4727
2016/11/7,79603.2,79488,23.5,74.8,3982,4079
2016/11/8,79411.2,79142.4,19.8,81.5,4154,2998
2016/11/9,77760,77606.4,18.4,76.6,3937,3298
2016/11/10,78489.6,78220.8,17.2,88.7,3674,2598
2016/11/11,77491.2,77491.2,19.7,70.8,2811,3066
2016/11/12,78988.8,78950.4,21.9,77.9,4123,4988
2016/11/13,80716.8,80678.4,23.8,74.7,4325,4624
2016/11/14,81945.6,81792,23.6,78.9,4402,4549
2016/11/15,80371.2,80256,22.5,75.1,4433,3881
2016/11/16,79641.6,79564.8,22.5,74,4123,4628
2016/11/17,79257.6,79142.4,23.7,70.2,3875,4578
2016/11/18,80870.4,80716.8,22.7,68.2,4309,3701
2016/11/19,80908.8,80640,24.3,68.9,3844,4515
2016/11/20,79910.4,79795.2,22.5,75.4,5022,4906
2016/11/21,79641.6,79564.8,20.5,86,4185,4212
2016/11/22,79756.8,79564.8,20.8,85.8,4278,5460
2016/11/23,81024,78720,17.8,86.8,4309,4175
2016/11/24,77990.4,77913.6,17.9,79.2,4495,4564
2016/11/25,79334.4,79296,20.8,76.9,3906,4466
2016/11/26,80524.8,80448,19.9,82.8,4123,3984
2016/11/27,79449.6,78374.4,17,82.6,4247,3906
2016/11/28,77606.4,77529.6,18.2,63.3,4074,3741
2016/11/29,78297.6,78259.2,20,71.1,4216,4708
2016/11/30,79641.6,79488,20.1,82.8,4247,5752
2016/12/1,78912,78643.2,17.8,82.2,4391,2944
2016/12/2,77260.8,77222.4,19,77.2,4247,2760
2016/12/3,78681.6,78528,20.6,82.1,4355,3988
2016/12/4,79372.8,79257.6,20.4,87.3,3898,3246
2016/12/5,78950.4,78796.8,19.5,76.5,4061,4018
2016/12/6,77529.6,77452.8,18,67.5,4154,3360
2016/12/7,77875.2,77836.8,18.1,73.4,2582,3002
2016/12/8,78297.6,78220.8,18.7,82.5,3883,3180
2016/12/9,78259.2,78144,19.6,71.5,3720,4300
2016/12/10,77568,77376,19.6,75.8,4247,3527
2016/12/11,78105.6,77798.4,18.9,75.9,3609,4371
2016/12/12,78412.8,78336,19.8,76.5,4193,4006
2016/12/13,78489.6,78489.6,19.3,73.4,4495,4157
2016/12/14,78374.4,78259.2,16.3,73.2,4402,3837
2016/12/15,77376,77107.2,13.2,70.5,4185,4552
2016/12/16,76761.6,76608,14.5,57.6,4090,4358
2016/12/17,78067.2,77952,17.6,60.4,4030,4467
2016/12/18,78028.8,77952,19.4,61.1,4115,4510
2016/12/19,79680,79680,20.7,67.2,4247,4725
2016/12/20,80563.2,80256,22.6,72.4,4247,4515
2016/12/21,80409.6,80102.4,22.4,76,4278,4105
2016/12/22,79872,79756.8,18.4,78,4402,4724
2016/12/23,77414.4,77299.2,17.2,60.6,4252,4320
2016/12/24,78374.4,78182.4,19,62.4,4338,4503
2016/12/25,78835.2,78643.2,20.7,68.6,4495,4635
2016/12/26,78835.2,78796.8,20.2,77.6,4309,4562
2016/12/27,79104,78796.8,13.8,76,4255,4504
2016/12/28,76915.2,76800,13.5,82,4526,4633
2016/12/29,75609.6,75609.6,14.5,69,4495,3988
2016/12/30,77260.8,77260.8,17.2,71.6,4030,4744
2016/12/31,77913.6,77836.8,19.8,70.8,4030,4787
2017/1/1,78720,78604.8,20.4,72.8,4402,3526
2017/1/2,79142.4,79027.2,19.6,79.3,4433,3917
2017/1/3,78873.6,78720,19.5,81.8,4774,3597
2017/1/4,78067.2,77990.4,20.6,76,4300,3800
2017/1/5,77606.4,77414.4,19.9,78,4123,4002
2017/1/6,77913.6,77913.6,19.4,86.5,4045,4407
2017/1/7,77644.8,77606.4,20.1,76.1,4099,4326
2017/1/8,78604.8,78604.8,18.3,77.1,4044,4131
2017/1/9,77337.6,77145.6,16.3,68.2,3999,3652
2017/1/10,76185.6,75993.6,17.5,68,1049,2391
2017/1/11,74304,74265.6,18.7,75.6,2096,1234
2017/1/12,78758.4,78374.4,17.4,86,4122,3584
2017/1/13,76646.4,76569.6,13.5,87.8,3875,2805
2017/1/14,75187.2,74841.6,13,80.9,4070,3853
2017/1/15,75033.6,75033.6,13,81.7,3968,3498
2017/1/16,75187.2,75148.8,14.5,75.4,3932,3719
2017/1/17,76454.4,75840,18,75.4,4143,3689
2017/1/18,75686.4,75609.6,17,88.3,4061,3965
2017/1/19,76684.8,76492.8,15.7,89.9,3953,4134
2017/1/20,76416,76300.8,12.1,70.1,3859,4355
2017/1/21,76147.2,76108.8,12.4,75.2,4172,4289
2017/1/22,77107.2,76608,13.9,58.3,3826,4276
2017/1/23,75993.6,75840,13.6,66.2,4030,4253
2017/1/24,75955.2,75648,13.8,76.7,3782,3443
2017/1/25,75340.8,75148.8,14.4,76.1,3963,5005
2017/1/26,75648,75648,15.5,66,4075,3841
2017/1/27,75801.6,75571.2,16.9,74.2,4154,3827
2017/1/28,76915.2,76531.2,17.7,79.9,4185,4851
2017/1/29,77107.2,76838.4,20.3,66.5,4588,4589
2017/1/30,77299.2,77222.4,16,76.1,4154,4257
2017/1/31,76032,75955.2,16.7,73.1,3720,4468
2017/2/1,75878.4,75840,15.8,74.4,4290,3413
2017/2/2,76147.2,76032,15.1,71.3,4340,4187
2017/2/3,76070.4,75993.6,18.1,74,4030,3449
2017/2/4,76070.4,75916.8,17.4,80.9,4325,3725
2017/2/5,75878.4,75878.4,17.3,77.3,3875,3974
2017/2/6,75494.4,75456,16.7,60.6,3611,3771
2017/2/7,76377.6,76224,16.6,66.9,3618,3557
2017/2/8,75993.6,75993.6,14.1,84.6,3893,3980
2017/2/9,75494.4,75456,10,66.5,3824,3719
2017/2/10,75648,75148.8,11.5,55.7,4030,3825
2017/2/11,75340.8,75264,11.7,58.9,3999,4372
2017/2/12,76224,75993.6,14.1,63.1,4433,4518
2017/2/13,75878.4,75724.8,15.7,61.6,3906,3204
2017/2/14,75840,75763.2,16,55.9,3894,3609
2017/2/15,75686.4,75532.8,17.1,64.3,2883,3612
2017/2/16,75724.8,75609.6,18.7,51.9,4549,4208
2017/2/17,76569.6,76454.4,19.6,65.6,3968,3650
2017/2/18,76262.4,76224,17.5,73.6,3999,4508
2017/2/19,76377.6,76377.6,20.1,62.5,4526,4130
2017/2/20,77529.6,77107.2,19,72.9,3775,3933
2017/2/21,77299.2,76992,19.3,74.3,4619,4939
2017/2/22,77721.6,77606.4,18.4,84,4459,4329
2017/2/23,77721.6,77529.6,13.1,83.5,4588,4451
2017/2/24,76416,76300.8,11.5,91,4588,4606
2017/2/25,76492.8,76339.2,12.2,93,4588,4212
2017/2/26,76032,76032,11.6,83.7,4619,4657
2017/2/27,76608,76416,13.7,73.1,4991,4685
2017/2/28,76646.4,76224,13.2,83.6,4433,5258
2017/3/1,76262.4,76262.4,14.6,75.3,3968,3273
2017/3/2,76684.8,76492.8,14.1,59.3,4247,3299
2017/3/3,76416,76377.6,16.4,64.6,3813,3305
2017/3/4,76608,76531.2,17.8,70.4,3906,3886
2017/3/5,77376,77260.8,19.3,75.9,3534,3294
2017/3/6,77452.8,77184,13.4,80,3627,3310
2017/3/7,76262.4,76108.8,12.3,77.5,4247,3725
2017/3/8,76608,76300.8,13.6,74.2,3720,3363
2017/3/9,76147.2,75993.6,15,81.3,4023,4556
2017/3/10,76262.4,76262.4,15.7,90,4403,3846
2017/3/11,77222.4,76915.2,18.1,86.6,4380,4339
2017/3/12,76992,76992,18.9,86.8,3689,3983
2017/3/13,78297.6,78028.8,15.3,90.3,4340,4958
2017/3/14,75417.6,75379.2,12.8,74.3,3932,4274
2017/3/15,76608,76569.6,14.4,72.8,4340,4154
2017/3/16,76646.4,76492.8,14.1,93,3713,3927
2017/3/17,76761.6,76608,16.1,90.9,4123,3194
2017/3/18,76953.6,76684.8,17.3,92.4,3751,4854
2017/3/19,77222.4,77145.6,17.2,91.5,4619,4490
2017/3/20,78220.8,78144,19.6,86.9,4240,4514
2017/3/21,78758.4,78336,17,78,4622,4606
2017/3/22,77875.2,77836.8,18.5,80.3,4572,4553
2017/3/23,77184,76915.2,17.4,77.1,4511,4619
2017/3/24,77644.8,77529.6,19.2,73.7,4231,4489
2017/3/25,76915.2,76800,13.8,87.4,4184,4529
2017/3/26,76032,75993.6,13.6,66.9,4340,4590
2017/3/27,77030.4,76953.6,17.9,52.7,4309,4685
2017/3/28,76761.6,76646.4,19.6,52.8,4588,4630
2017/3/29,77644.8,77606.4,20,67.9,4464,4306
2017/3/30,77798.4,77491.2,21.1,74.1,4247,4890
2017/3/31,78950.4,78528,15.9,81,4216,4072
2017/4/1,76531.2,76300.8,14.5,58.5,3627,3656
2017/4/2,76608,76531.2,16.4,42.9,3658,3129
2017/4/3,76646.4,76339.2,18.5,52.9,3922,2421
2017/4/4,76838.4,76761.6,20.2,54.8,3968,4129
2017/4/5,76876.8,76838.4,21.9,56.2,3556,3736
2017/4/6,77760,77683.2,22.1,68.7,3911,4124
2017/4/7,78220.8,78144,21.9,80.6,3799,3834
2017/4/8,79027.2,78835.2,23.6,75.5,3999,4615
2017/4/9,80678.4,80524.8,24.9,70.9,4061,4358
2017/4/10,80524.8,80371.2,26.6,60.5,4183,4039
2017/4/11,79257.6,79142.4,18.4,82,4278,3331
2017/4/12,77222.4,77184,16,80.6,4305,4551
2017/4/13,77068.8,76876.8,17.3,82,4278,3950
2017/4/14,78604.8,78489.6,20.5,79.2,4371,4271
2017/4/15,80064,79910.4,23.2,76.9,4402,4450
2017/4/16,80524.8,80486.4,24.3,74.4,4420,4559
2017/4/17,80332.8,80102.4,24.9,80.1,4262,4548
2017/4/18,80755.2,80755.2,24.3,85.2,4464,4596
2017/4/19,80371.2,80332.8,24,80.1,4074,4518
2017/4/20,81024,80908.8,23.4,80.9,4340,4017
2017/4/21,81331.2,80985.6,21.7,77.1,4448,3386
2017/4/22,77683.2,77683.2,16.9,74.1,4030,4289
2017/4/23,79334.4,77913.6,18.2,64.9,4030,3969
2017/4/24,78374.4,78259.2,19.2,83.6,4472,4130
2017/4/25,79180.8,79065.6,21.9,81.8,4530,4205
2017/4/26,80448,80332.8,21.5,80.5,4386,4630
2017/4/27,78720,78604.8,16.3,75.2,4185,4378
2017/4/28,76761.6,76646.4,18,53.4,3514,4867
2017/4/29,76569.6,76454.4,20.6,51.8,4428,4878
2017/4/30,77836.8,77798.4,22.2,57.1,4588,5465
2017/5/1,78758.4,78681.6,23.8,56.4,3178,3479
2017/5/2,79104,79065.6,23.7,70.7,3079,3799
2017/5/3,80332.8,80294.4,24,76.5,3689,3288
2017/5/4,81177.6,80832,24.2,78,4004,3872
2017/5/5,80908.8,80832,26.3,76.6,4215,3843
2017/5/6,80371.2,80179.2,22.5,79.1,4247,4602
2017/5/7,80102.4,79910.4,22.8,73.9,4340,4445
2017/5/8,80601.6,80486.4,24.4,76.8,4340,4383
2017/5/9,81331.2,81100.8,23.1,81.3,4371,3809
2017/5/10,80563.2,80486.4,26,69.1,4092,4280
2017/5/11,81139.2,80908.8,26.2,67.4,4045,4720
2017/5/12,81062.4,80947.2,25.5,80.8,4364,4315
2017/5/13,80793.6,80755.2,22.9,86.3,4340,4239
2017/5/14,80217.6,80179.2,24.5,74.7,4309,4209
2017/5/15,80985.6,80947.2,23.3,78.1,4459,3707
2017/5/16,78566.4,78566.4,19.7,85.9,4388,4201
2017/5/17,78758.4,78297.6,21.9,72.6,4306,4848
2017/5/18,79027.2,78950.4,24,65.5,4113,4611
2017/5/19,79372.8,79257.6,22.3,80.4,4045,3828
2017/5/20,79411.2,79411.2,22.6,79.7,4030,4964
2017/5/21,80102.4,79948.8,23.3,79.2,4247,3854
2017/5/22,80448,80409.6,24.5,78.5,4309,4272
2017/5/23,80755.2,80678.4,24.9,80.8,4043,4366
2017/5/24,81753.6,81715.2,24,80.6,4263,4099
2017/5/25,79718.4,79641.6,20.6,79.7,4481,4164
2017/5/26,78451.2,78144,21.6,70.5,4557,4437
2017/5/27,78144,78028.8,20.3,81.4,4557,4547
2017/5/28,80294.4,79257.6,22.6,79.8,4557,4337
2017/5/29,80294.4,80179.2,25,74.5,4570,4306
2017/5/30,81753.6,81676.8,25.3,80.7,4580,4082
2017/5/31,80870.4,80870.4,25.5,80.5,4588,4375
2017/6/1,80832,80601.6,26.8,75.1,3658,3107
2017/6/2,81907.2,81868.8,23.5,89.2,3664,3484
2017/6/3,80332.8,80294.4,23.2,90.1,3627,4740
2017/6/4,80870.4,80832,23.7,89.8,4154,4118
2017/6/5,81024,80947.2,24.9,84.4,3608,4098
2017/6/6,82291.2,82060.8,26.7,79.6,4314,3671
2017/6/7,83136,82867.2,27.3,75,4405,3917
2017/6/8,82329.6,82214.4,27.4,73.9,4093,4652
2017/6/9,82675.2,82444.8,27.2,73.6,3671,4190
2017/6/10,82713.6,82483.2,27.5,75.2,4349,4583
2017/6/11,82598.4,82406.4,27,75.3,4402,4742
2017/6/12,82022.4,81984,26.5,75.9,4406,4681
2017/6/13,82636.8,82176,27.6,69.4,4378,4229
2017/6/14,81139.2,81139.2,22.5,90.5,4369,4078
2017/6/15,79910.4,79833.6,21,92.71,4388,4379
2017/6/16,81292.8,81216,23,91.2,4309,3423
2017/6/17,80371.2,80294.4,21.6,92.4,4464,4403
2017/6/18,80870.4,80755.2,22.3,87.6,4501,4070
2017/6/19,81523.2,81446.4,24.3,78,4270,3535
2017/6/20,80601.6,80448,26.6,66.9,4308,4453
2017/6/21,82598.4,82060.8,26.5,75,4278,4190
2017/6/22,82752,82444.8,27.2,75.2,4309,4110
2017/6/23,83289.6,83020.8,27.2,72.9,4340,3352
2017/6/24,82636.8,82560,27.2,72.6,4402,3921
2017/6/25,82905.6,82867.2,27.3,72,4402,3950
2017/6/26,82790.4,82560,27.7,73,4123,3584
2017/6/27,82982.4,82598.4,27.1,78.2,4262,5393
2017/6/28,84518.4,83904,27.7,69,4526,5218
2017/6/29,82828.8,82636.8,27.4,71.2,4464,4870
2017/6/30,82099.2,82099.2,26.5,71.3,4453,5147
2017/7/1,82060.8,82022.4,26.1,72.4,4123,3609
2017/7/2,81600,81484.8,26.2,74.9,4138,3467
2017/7/3,81523.2,81331.2,27,71.9,4247,3516
2017/7/4,81369.6,81139.2,26.2,70.6,4185,1969
2017/7/5,81600,81561.6,27,71.9,3456,3404
2017/7/6,81561.6,81484.8,26.7,75,3782,3353
2017/7/7,80486.4,80371.2,25.6,73.3,3782,2742
2017/7/8,81369.6,81292.8,26.1,72.1,4216,3523
2017/7/9,82022.4,82022.4,27.3,74.2,4247,3414
2017/7/10,82867.2,82752,27.7,74.7,4515,2969
2017/7/11,82252.8,82214.4,26.8,73.6,3899,3203
2017/7/12,82137.6,81753.6,27.9,70.8,3968,2833
2017/7/13,81523.2,81216,28,68.7,4243,1366
2017/7/14,81638.4,81523.2,27.7,73.1,4195,2605
2017/7/15,81715.2,81408,27.9,73.6,4164,3068
2017/7/16,82636.8,82483.2,28.1,72,3838,3444
2017/7/17,82636.8,82598.4,28.1,73.3,4226,3216
2017/7/18,82828.8,82713.6,28.2,71.5,4005,3485
2017/7/19,81792,81676.8,28.2,67.7,3875,3165
2017/7/20,81753.6,81753.6,28.8,62.8,4427,1832
2017/7/21,81446.4,81408,28.1,67.1,4355,2855
2017/7/22,82713.6,82560,28.4,73.7,4216,2121
2017/7/23,81676.8,81523.2,28.5,72.3,4702,3078
2017/7/24,82636.8,82329.6,28,75.8,4166,1713
2017/7/25,81024,80832,27.8,71.9,4591,2492
2017/7/26,81715.2,81600,27,76.1,4664,3527
2017/7/27,81753.6,81561.6,26.9,76.2,4324,3024
2017/7/28,81753.6,81753.6,28.2,69.9,4650,2896
2017/7/29,81177.6,81024,26.3,77.9,4420,3196
2017/7/30,81600,81408,27.3,75.9,4599,3063
2017/7/31,80908.8,80793.6,25.6,78,4890,3336
2017/8/1,80371.2,80294.4,26.9,76.2,3627,2841
2017/8/2,81062.4,80908.8,26.6,78.9,3689,1489
2017/8/3,80640,80563.2,27.5,74.9,3565,2103
2017/8/4,81984,81945.6,27.5,75.8,4292,3444
2017/8/5,81792,81638.4,27.8,75.9,4309,3380
2017/8/6,82252.8,82060.8,28,75.1,4045,3500
2017/8/7,81945.6,81715.2,28.5,72.6,3766,2392
2017/8/8,82137.6,81254.4,28.5,67.5,4340,3161
2017/8/9,80755.2,80371.2,28.4,68.8,4324,2713
2017/8/10,81216,81024,28.1,68.4,3890,3373
2017/8/11,82406.4,82406.4,28.2,79.7,4338,3445
2017/8/12,81792,81753.6,28,74.2,4374,3267
2017/8/13,82060.8,81984,27.4,77.9,4340,2904
2017/8/14,81676.8,81600,27.5,72.2,4401,2954
2017/8/15,80870.4,80755.2,27.8,70,3844,1940
2017/8/16,82214.4,82176,28.2,71.9,4274,3289
2017/8/17,81792,81753.6,27.8,72.4,4081,3415
2017/8/18,81369.6,81254.4,28.5,68.1,4331,3065
2017/8/19,81177.6,81139.2,28.2,67.5,4309,3246
2017/8/20,81446.4,81216,28.2,67,4123,3342
2017/8/21,81638.4,81600,28.3,67.3,4174,1640
2017/8/22,81216,81139.2,27.6,73.5,4154,3080
2017/8/23,81484.8,81484.8,26.3,79.4,4230,1928
2017/8/24,81369.6,81292.8,26.5,77.5,4144,3161
2017/8/25,82252.8,82137.6,27.2,76.2,4402,3080
2017/8/26,82560,82444.8,28.4,69.5,4402,2585
2017/8/27,81408,81369.6,26.8,72.9,4495,3474
2017/8/28,81484.8,81331.2,27.9,63.6,4433,2945
2017/8/29,81715.2,81638.4,28.3,62,4543,3061
2017/8/30,81523.2,81484.8,27.8,66.7,4495,3192
2017/8/31,82176,82060.8,27,70.3,4355,3689
2017/9/1,81792,81561.6,25.6,77.5,3298,2783
2017/9/2,80409.6,80371.2,24.6,81.3,3317,3901
2017/9/3,81254.4,81254.4,25.1,82.2,3580,4204
2017/9/4,81676.8,81600,26.3,77.6,3626,3856
2017/9/5,81139.2,81139.2,27,77.3,4402,4555
2017/9/6,81561.6,81561.6,27.5,78.7,4371,3345
2017/9/7,83289.6,82790.4,27.1,79.3,4386,3752
2017/9/8,82598.4,82329.6,26.8,78.8,4580,4531
2017/9/9,81523.2,81254.4,26.1,77.5,4495,4729
2017/9/10,82060.8,81984,27.1,70.1,4433,3879
2017/9/11,81561.6,81408,27.4,69.8,4474,4297
2017/9/12,81331.2,81216,27.7,67.4,4200,4800
2017/9/13,82022.4,81600,23.8,84,4309,4569
2017/9/14,80371.2,80294.4,25.2,68.2,4371,4539
2017/9/15,81139.2,80486.4,26.8,67.1,4394,4682
2017/9/16,80524.8,80486.4,26.6,63.8,4370,4003
2017/9/17,79680,79641.6,25.5,61.3,4340,4382
2017/9/18,79795.2,79718.4,25.6,62.3,4371,4043
2017/9/19,80332.8,80179.2,27.2,64.8,4294,4444
2017/9/20,80179.2,80025.6,28.1,61.8,4487,4024
2017/9/21,81331.2,81062.4,28.1,68.4,4371,3734
2017/9/22,82252.8,82137.6,28,72.3,4402,4445
2017/9/23,82329.6,82214.4,28.6,71.3,4433,4393
2017/9/24,83059.2,83020.8,28.3,69.7,4433,3888
2017/9/25,82329.6,81868.8,27.5,75,4402,4024
2017/9/26,81868.8,81792,28,70.9,4447,4177
2017/9/27,82176,82176,28.3,66.5,4425,5678
2017/9/28,81945.6,81907.2,27.9,70.1,4402,4661
2017/9/29,81600,81561.6,26.8,71.4,4540,5049
2017/9/30,81292.8,81139.2,27.5,64,4511,4774
2017/10/1,82099.2,82060.8,27.7,72.5,4340,3797
2017/10/2,81830.4,81792,28.1,70.8,4309,2818
2017/10/3,81408,81216,27.3,70.6,4309,4087
2017/10/4,80371.2,80217.6,24.4,78.6,4416,4132
2017/10/5,80448,80256,26.1,72.4,4097,4397
2017/10/6,80102.4,80025.6,25.4,75.6,4251,4256
2017/10/7,81216,81100.8,25.3,76.9,4278,4052
2017/10/8,82022.4,81868.8,26.7,72.9,4247,3990
2017/10/9,81868.8,81638.4,27.8,61.7,4309,4494
2017/10/10,81945.6,81907.2,27.8,65.3,4335,4288
2017/10/11,80947.2,80793.6,26.1,72.8,4386,4240
2017/10/12,80448,80179.2,23.6,85.5,4127,4140
2017/10/13,80025.6,79910.4,22.4,92.6,4214,4934
2017/10/14,81024,80870.4,24.2,87.3,4216,4219
2017/10/15,80448,80064,23.4,90.1,4223,3613
2017/10/16,80179.2,80140.8,25.2,82.5,4371,4384
2017/10/17,80448,80179.2,23,88.7,4342,4225
2017/10/18,80486.4,80179.2,21.9,89.6,4406,4054
2017/10/19,79065.6,78950.4,21.1,91.9,4319,4237
2017/10/20,78835.2,78758.4,19.5,89,4311,4422
2017/10/21,77798.4,77760,19,74.8,4329,4791
2017/10/22,76377.6,76339.2,19.5,59.4,4309,4672
2017/10/23,79372.8,78028.8,20.1,67.8,4340,4038
2017/10/24,77836.8,77760,21,69.7,4309,4216
2017/10/25,76915.2,76876.8,21,63.6,4074,4307
2017/10/26,76915.2,76915.2,21,66.2,4236,4415
2017/10/27,78067.2,78028.8,20.8,74.3,3998,4494
2017/10/28,77606.4,77529.6,19.3,76.6,4220,4665
2017/10/29,77030.4,76838.4,20.6,61.9,4092,4498
2017/10/30,77068.8,76953.6,18.6,65.2,4805,4579
2017/10/31,76032,75840,19.8,72.5,4193,4441
2017/11/1,76761.6,76569.6,22.2,73.8,3492,3416
2017/11/2,77913.6,77875.2,21.9,88.2,4278,3081
2017/11/3,77760,77644.8,19.9,83.2,4030,3820
2017/11/4,75840,75801.6,18.2,74.9,4060,4009
2017/11/5,76800,76531.2,19.9,76.7,4526,3192
2017/11/6,78643.2,78489.6,22.9,77.5,4030,2895
2017/11/7,79488,79142.4,23.6,80.1,3720,3513
2017/11/8,78758.4,78374.4,21.2,83.2,3968,3739
2017/11/9,77760,77606.4,22.3,78.2,4061,4345
2017/11/10,79334.4,79219.2,23.7,79.3,4278,4165
2017/11/11,78796.8,78796.8,20,81.6,3813,3268
2017/11/12,77760,77683.2,20.3,82.6,3720,3910
2017/11/13,78336,78220.8,20.3,93.3,3173,3740
2017/11/14,77798.4,77683.2,20.5,86,4603,4716
2017/11/15,78144,78067.2,21.9,75.8,4234,4291
2017/11/16,78912,78604.8,23.2,80.2,4707,4437
2017/11/17,78489.6,78412.8,24,73.4,4022,3612
2017/11/18,77376,77337.6,18.2,80.6,4499,4490
2017/11/19,75801.6,75532.8,16.6,84.4,3379,3335
2017/11/20,77068.8,76992,17.2,88.3,3503,3378
2017/11/21,77606.4,77491.2,19.9,87.3,4154,4586
2017/11/22,77721.6,77683.2,16.3,90.8,4633,4029
2017/11/23,77721.6,77606.4,15.2,78.2,3362,3025
2017/11/24,75878.4,75878.4,16.3,77.5,3503,3979
2017/11/25,76838.4,76838.4,16.7,92.3,4618,4422
2017/11/26,77222.4,77184,17.6,91.5,4805,4390
2017/11/27,78758.4,78489.6,20.3,79.1,4640,3783
2017/11/28,78182.4,78105.6,20.3,72.8,4744,4405
2017/11/29,78182.4,78067.2,22.4,80.7,5064,5206
2017/11/30,78950.4,78643.2,20,79,5041,5385
2017/12/1,76224,76108.8,17.7,81.8,4268,3882
2017/12/2,76377.6,76339.2,18.1,84.7,4681,4632
2017/12/3,76492.8,76454.4,17.9,82.7,4340,4263
2017/12/4,76108.8,75993.6,17,69.3,4278,4425
2017/12/5,75955.2,75878.4,15.3,66.9,4278,3966
2017/12/6,75916.8,75648,14.8,80.5,4061,4261
2017/12/7,76185.6,75801.6,14.7,88.8,4216,4736
2017/12/8,75724.8,75686.4,13,70.1,4446,4115
2017/12/9,75225.6,75110.4,13.4,83.6,4433,4733
2017/12/10,76339.2,76147.2,16.4,77.3,4498,4836
2017/12/11,75878.4,75648,16.7,63.1,4278,4345
2017/12/12,76531.2,76377.6,15.6,85.6,4402,4080
2017/12/13,75571.2,75571.2,16.4,79.4,4045,3873
2017/12/14,75724.8,75724.8,18.5,74.5,4526,4991
2017/12/15,75686.4,75494.4,19.9,73.9,4082,4282
2017/12/16,75648,75609.6,13.8,83,4516,4111
2017/12/17,74995.2,74918.4,13,77.2,4139,3743
2017/12/18,75648,75648,13,87.4,4030,4034
2017/12/19,75187.2,75187.2,13.2,83,4340,3974
2017/12/20,75532.8,75417.6,14.4,61.5,3813,4462
2017/12/21,75878.4,75187.2,14.8,62.3,3910,3511
2017/12/22,75187.2,75148.8,17.9,61.2,4587,4546
2017/12/23,75763.2,75648,18.5,70,4286,4540
2017/12/24,75456,75264,17.8,64.7,4495,4541
2017/12/25,75148.8,74956.8,15.7,60.9,4123,4108
2017/12/26,74726.4,74649.6,17.1,66.9,4867,4772
2017/12/27,75110.4,75033.6,17.9,65,5277,4555
2017/12/28,76032,75763.2,18.7,71.9,4061,4270
2017/12/29,75801.6,75686.4,17.2,84.4,4345,4994
2017/12/30,75955.2,75955.2,17.1,78.9,4827,4740
2017/12/31,75686.4,75571.2,13.6,78,4807,5485
2018/2/1,75648,75494.4,10.3,89.3,3888,3911
2018/2/2,74918.4,74841.6,10,88.4,4029,4142
2018/2/3,74611.2,74572.8,7.7,89.3,3569,3727
2018/2/4,75033.6,74995.2,6.9,89.7,4216,4985
2018/2/5,74803.2,74534.4,7.8,76.7,3908,4168
2018/2/6,74496,74304,10.4,60.7,4045,3365
2018/2/7,74649.6,74457.6,10.6,84.8,4154,4074
2018/2/8,74688,74649.6,12,81,4681,3593
2018/2/9,74995.2,74956.8,13.7,96.3,4588,4771
2018/2/10,75686.4,75609.6,12.5,95.6,4371,4529
2018/2/11,75187.2,75187.2,11,78.4,4371,4533
2018/2/12,74841.6,74649.6,13,58,4042,4345
2018/2/13,75801.6,75456,14.8,66.9,4125,4504
2018/2/14,75648,75494.4,17.7,61.7,4547,4572
2018/2/15,75955.2,75801.6,20,63,4504,4420
2018/2/16,76300.8,75916.8,17.2,80.7,4542,4288
2018/2/17,75571.2,75494.4,16.9,72.9,4499,4809
2018/2/18,75993.6,75916.8,19.7,64.9,4030,4762
2018/2/19,75801.6,75801.6,19.7,68.5,4402,4676
2018/2/20,76108.8,76108.8,15.4,88.5,4247,4840
2018/2/21,75801.6,75532.8,14.2,87.4,4309,4388
2018/2/22,74956.8,74918.4,12.6,88,4327,4542
2018/2/23,75302.4,75072,15.7,75.9,4588,4246
2018/2/24,75417.6,75379.2,15.1,88.2,4613,4628
2018/2/25,75340.8,75264,13,92.7,4479,4447
2018/2/26,75148.8,74995.2,15.6,72.7,4402,4444
2018/2/27,74918.4,74803.2,17.3,78.5,4488,5456
2018/2/28,75993.6,75878.4,17.3,82.5,4402,5273
2018/3/1,76262.4,75955.2,20.2,74.3,3695,3312
2018/3/2,76531.2,76454.4,20.1,78.7,4093,3614
2018/3/3,77913.6,77491.2,20.7,82.7,4229,4437
2018/3/4,78105.6,77913.6,22.3,80.7,4069,4368
2018/3/5,78105.6,77990.4,19.2,81.7,4427,3903
2018/3/6,75571.2,75494.4,16.3,77.9,4402,4283
2018/3/7,75648,75417.6,16.6,82.4,4402,4500
2018/3/8,75148.8,75148.8,11.3,79.7,4448,5083
2018/3/9,75379.2,75264,12.6,60.2,4433,4622
2018/3/10,75494.4,75456,15,56.8,4419,4471
2018/3/11,75763.2,75494.4,17.8,48.8,4402,3431
2018/3/12,75763.2,75724.8,18.5,58,4123,3947
2018/3/13,75840,75840,19.3,61.5,4123,4713
2018/3/14,76723.2,76608,20.6,65.2,4537,4033
2018/3/15,76992,76838.4,19.5,75.4,3936,4829
2018/3/16,76800,76608,18.3,78.7,4602,4106
2018/3/17,75840,75648,18.1,80,4433,4290
2018/3/18,78297.6,78259.2,20.7,74.7,4447,4039
2018/3/19,77913.6,77875.2,21.7,76.5,4413,4450
2018/3/20,77721.6,77644.8,15.5,86.4,4338,4758
2018/3/21,75840,75801.6,13.8,62.6,4558,4976
2018/3/22,76032,75686.4,14.1,56.3,4194,4562
2018/3/23,75878.4,75724.8,17.1,49.2,4588,4580
2018/3/24,76531.2,76531.2,19.2,51,4531,4829
2018/3/25,76531.2,76339.2,20.1,57.8,4558,4569
2018/3/26,77568,77529.6,19.8,68.7,4558,4638
2018/3/27,77184,77107.2,19,79.1,4443,4626
2018/3/28,78297.6,78182.4,20.4,74.3,4675,4562
2018/3/29,78182.4,78144,22.2,62.5,4711,4375
2018/3/30,77145.6,77145.6,21.8,55.2,4874,4887
2018/3/31,76800,76531.2,21.8,55.8,4374,5105
2018/4/1,77529.6,77299.2,22,62.6,3739,3973
2018/4/2,77990.4,77606.4,22.2,71.1,4386,3790
2018/4/3,78144,77990.4,22.1,72,4433,4296
2018/4/4,78796.8,78566.4,22.4,71.4,4588,4119
2018/4/5,78528,78489.6,23,68.1,4650,4042
2018/4/6,77990.4,77836.8,17,69.8,4666,4632
2018/4/7,76339.2,76300.8,14.9,54,4619,3738
2018/4/8,76262.4,76262.4,18.1,59.3,4619,5008
2018/4/9,76569.6,76569.6,19.6,65.8,5130,4673
2018/4/10,76108.8,76032,21.9,54.1,5177,4003
2018/4/11,78336,78336,23.1,78.3,4020,3431
2018/4/12,78566.4,78566.4,23.2,79.8,3366,4116
2018/4/13,78758.4,78604.8,24.7,77.7,5021,4223
2018/4/14,79372.8,79219.2,23.2,82.9,4588,5219
2018/4/15,78950.4,78796.8,17.7,70.9,4681,4524
2018/4/16,76416,76339.2,17.1,71.2,4526,4455
2018/4/17,75840,75801.6,15.9,74.2,4464,3830
2018/4/18,76953.6,76953.6,19.2,70.6,4446,4447
2018/4/19,78067.2,77990.4,22,67.1,4537,4377
2018/4/20,77875.2,77798.4,22.9,70.7,4154,4500
2018/4/21,78912,78912,23.3,76,4433,4680
2018/4/22,79449.6,79257.6,25.1,68.2,3875,5147
2018/4/23,79718.4,79718.4,25.5,69.8,4247,4707
2018/4/24,79296,79219.2,20.7,79.9,4433,4134
2018/4/25,77568,77337.6,19.6,61.7,4374,5114
2018/4/26,77529.6,77376,21.8,67.8,4428,4811
2018/4/27,77798.4,77721.6,22.4,72.7,4030,4155
2018/4/28,77875.2,77760,22.6,74.4,4640,3859
2018/4/29,79180.8,78720,24,75.9,4310,4757
2018/4/30,79372.8,79219.2,24.4,73.9,4644,5269
2018/5/1,79372.8,79296,24.6,79.1,4348,4140
2018/5/2,79718.4,79449.6,25.3,73.7,4663,3251
2018/5/3,79257.6,79027.2,20.1,69.9,4619,3436
2018/5/4,77222.4,76953.6,22.6,66.7,4407,4258
2018/5/5,79603.2,79449.6,24.6,66.4,3937,4582
2018/5/6,79449.6,79449.6,25.5,75.1,4020,3793
2018/5/7,79680,79641.6,26.1,70.5,4064,3792
2018/5/8,76531.2,76147.2,23.1,73.3,2805,1858
2018/5/9,75916.8,75916.8,19.8,72.8,4233,4025
2018/5/10,76416,76416,21.2,64.8,4420,5009
2018/5/11,77760,77683.2,22.9,75.6,4619,4518
2018/5/12,78412.8,78374.4,24.5,73.5,4495,4622
2018/5/13,80601.6,80371.2,25.3,78.1,4650,5329
2018/5/14,79872,79449.6,25.5,73.8,3782,4447
2018/5/15,80256,80064,26,75.4,3986,4378
2018/5/16,80716.8,80486.4,26.5,79.4,4433,3657
2018/5/17,81292.8,80947.2,26.2,80.1,4331,5248
2018/5/18,80179.2,79910.4,26.5,74.6,4619,4590
2018/5/19,80640,80486.4,26.6,76,4557,4692
2018/5/20,80832,80832,26.7,71.8,4557,4713
2018/5/21,80563.2,80448,26,74.2,4590,4350
2018/5/22,80793.6,80716.8,26.5,69.4,4588,4460
2018/5/23,79680,79449.6,24.5,72.4,4623,4375
2018/5/24,80448,80179.2,26,68.9,4681,4118
2018/5/25,79411.2,79142.4,25.7,77.7,4681,4789
2018/5/26,79411.2,79334.4,27.2,70.9,4619,4482
2018/5/27,80371.2,80140.8,25.6,75.1,4557,4439
2018/5/28,80870.4,80870.4,27.1,76.4,4340,5080
2018/5/29,81561.6,81216,27.5,74.7,4309,5181
2018/5/30,81292.8,81177.6,27.4,76.3,4360,5109
2018/5/31,81139.2,80908.8,26.8,75.6,4400,4895
2018/6/1,80179.2,79987.2,22.6,74.7,4247,3009
2018/6/2,78873.6,78720,23.7,73.9,4276,3910
2018/6/3,79449.6,79411.2,25,78.2,4335,3880
2018/6/4,79680,79564.8,26.5,72.2,4123,3369
2018/6/5,79296,79296,27.1,69.6,4219,4355
2018/6/6,80294.4,79948.8,26.9,74.1,3813,4299
2018/6/7,79795.2,79603.2,27.5,70.8,4185,4540
2018/6/8,79180.8,78988.8,27.1,71.2,4378,2886
2018/6/9,79219.2,79180.8,26.2,74.5,4469,4226
2018/6/10,79449.6,79334.4,26,79.5,4402,4352
2018/6/11,78796.8,78758.4,23.2,76,4134,4274
2018/6/12,77606.4,77568,25.9,52.9,4432,4982
2018/6/13,78988.8,78950.4,25.7,64.3,4033,4508
2018/6/14,79219.2,79142.4,24.4,80.3,3813,4530
2018/6/15,79296,79027.2,22.5,87.4,3999,4743
2018/6/16,78950.4,78873.6,24.3,76.3,4433,4648
2018/6/17,80947.2,80793.6,25,82,3999,4524
2018/6/18,80448,80409.6,25.6,79.6,3796,4495
2018/6/19,79411.2,79334.4,26,72.2,3627,4654
2018/6/20,79334.4,79065.6,26.5,69.9,4779,4531
2018/6/21,79795.2,79756.8,26.6,75.9,4639,4356
2018/6/22,80409.6,80217.6,26.5,74.5,4684,4512
2018/6/23,80524.8,80524.8,25.7,79.3,4712,4761
2018/6/24,79065.6,78912,26.6,77.5,4619,4548
2018/6/25,80294.4,80256,27.1,76.2,4588,4336
2018/6/26,81062.4,80793.6,27.3,70,4604,4614
2018/6/27,79411.2,79372.8,27.4,63.6,4309,4340
2018/6/28,79872,79718.4,27.4,70.4,4464,4165
2018/6/29,78796.8,78758.4,26.9,74.2,4472,4749
2018/6/30,79526.4,79449.6,26.3,73.7,4495,4813
2018/8/1,80908.8,80755.2,28.3,74,3784,3749
2018/8/2,80832,80640,28.1,71.1,3970,3733
2018/8/3,80371.2,80102.4,27.1,72.2,4069,4429
2018/8/4,81216,81062.4,27.2,75.3,4029,4272
2018/8/5,80985.6,80947.2,27.3,73.3,4348,4148
2018/8/6,80870.4,80755.2,28,71,4216,4434
2018/8/7,80524.8,80332.8,28.2,61.8,4371,3703
2018/8/8,80985.6,80947.2,28,66.6,4473,4648
2018/8/9,80294.4,80294.4,27.7,70,4402,4375
2018/8/10,80371.2,80332.8,27.8,70.9,4061,4259
2018/8/11,80985.6,80755.2,28,71.6,4371,4487
2018/8/12,81216,80908.8,27.2,74.6,4371,4585
2018/8/13,80179.2,80140.8,27.8,71.9,4309,4688
2018/8/14,80371.2,80371.2,25.6,81.5,4450,4360
2018/8/15,81216,80563.2,26.3,76.8,4500,4162
2018/8/16,81100.8,80985.6,26.6,76.3,4638,4506
2018/8/17,81024,80985.6,27.2,73.8,4491,4542
2018/8/18,80601.6,80563.2,25.7,80.9,4495,4317
2018/8/19,80908.8,80716.8,25,83.5,4495,4225
2018/8/20,80256,80179.2,26.4,77.8,4422,4575
2018/8/21,80870.4,80832,26.8,78.2,3825,4007
2018/8/22,80409.6,80294.4,26.4,83.5,4184,4374
2018/8/23,79795.2,79795.2,26.2,79.6,4789,4303
2018/8/24,80217.6,79910.4,24.7,87.6,4650,4698
2018/8/25,79948.8,79795.2,24.8,87.3,3956,4512
2018/8/26,80025.6,79756.8,24.2,89,4688,3811
2018/8/27,79488,79219.2,24,86,4748,3936
2018/8/28,80371.2,80217.6,24,83,4789,5283
2018/8/29,80217.6,79795.2,23.8,84.1,4433,4554
2018/8/30,80256,80256,24,81.2,4975,4759
2018/8/31,79641.6,79488,25.8,73.2,4217,4909
2018/9/1,80908.8,80870.4,25.8,76.3,3824,3709
2018/9/2,79372.8,79372.8,26.4,73.2,3720,3839
2018/9/3,79449.6,79372.8,26.3,73.6,3859,3387
2018/9/4,80947.2,80755.2,26.8,74.3,4030,4540
2018/9/5,81062.4,80755.2,26.6,80.2,3917,4164
2018/9/6,79948.8,79718.4,26,81.6,4424,4645
2018/9/7,79411.2,79180.8,25.6,80.5,4154,4068
2018/9/8,80908.8,80870.4,24.1,86,4650,4214
2018/9/9,80179.2,80140.8,22.2,86.7,4115,4083
2018/9/10,79449.6,79257.6,23.3,84,4366,4678
2018/9/11,79833.6,79833.6,26,79.6,4216,4428
2018/9/12,80256,80179.2,26.2,80.4,4278,4215
2018/9/13,80908.8,80832,27.4,66.1,4371,3738
2018/9/14,80524.8,80448,27.2,65.3,4247,4821
2018/9/15,81062.4,81062.4,26.8,70,4515,4350
2018/9/16,80832,80793.6,27.3,70.9,4650,4046
2018/9/17,80371.2,80294.4,28.7,67.6,4413,4301
2018/9/18,80409.6,80294.4,27.4,66.5,4587,4493
2018/9/19,80870.4,80524.8,26.7,72.2,4608,3956
2018/9/20,80640,80563.2,26.8,74.5,4464,4536
2018/9/21,81523.2,80870.4,26.8,71.1,4602,4576
2018/9/22,80832,80832,26.8,72.2,4697,4479
2018/9/23,81100.8,80985.6,26.1,76.3,4609,4463
2018/9/24,80985.6,80563.2,24.2,78,4309,4042
2018/9/25,79718.4,79603.2,24.4,71.4,4655,4985
2018/9/26,79680,79641.6,22.1,86.6,4402,4785
2018/9/27,79641.6,79411.2,22.7,82.6,4433,4736
2018/9/28,79948.8,79526.4,21.2,88.9,4867,4508
2018/9/29,78412.8,78336,20.8,70.6,4635,3714
2018/9/30,78604.8,78220.8,22.2,58.6,3813,5174
2018/10/1,77606.4,77337.6,23.6,52.5,4433,4267
2018/10/2,77683.2,77644.8,22.4,56.2,3264,3973
2018/10/3,78374.4,78374.4,22.6,63.8,3690,4012
2018/10/4,77952,77875.2,19.1,86,4340,4620
2018/10/5,77184,77107.2,23.1,63.5,4426,4404
2018/10/6,78220.8,78105.6,23.2,68.7,4123,4301
2018/10/7,78451.2,78412.8,22,76.9,4402,3920
2018/10/8,78681.6,78643.2,22.2,83.9,3683,3591
2018/10/9,78758.4,78720,22.6,82.5,3844,4249
2018/10/10,78604.8,78412.8,21.4,80.2,4371,4952
2018/10/11,77798.4,77721.6,18.8,85.4,3689,4317
2018/10/12,76800,76723.2,18,83.2,3960,3805
2018/10/13,77798.4,77683.2,20.5,78.9,4060,3693
2018/10/14,78451.2,78451.2,22.3,82.2,4340,4480
2018/10/15,78220.8,78105.6,22.9,79.4,4563,4207
2018/10/16,78259.2,78105.6,20.9,86.8,4537,4184
2018/10/17,78259.2,77913.6,18.8,91.1,4657,4089
2018/10/18,77452.8,77299.2,21.4,67,4582,4274
2018/10/19,76684.8,76684.8,19.2,76.4,4557,4638
2018/10/20,77644.8,77568,20.1,71.4,4598,4731
2018/10/21,77952,77798.4,21.7,70.5,4526,3997
2018/10/22,77952,77913.6,22.2,79.1,4495,3796
2018/10/23,78067.2,77990.4,20.4,86.8,4515,4567
2018/10/24,77836.8,77836.8,21.6,75.5,4305,4406
2018/10/25,78528,78528,22.9,75.2,4494,4538
2018/10/26,79065.6,78758.4,23.9,68.1,4557,4952
2018/10/27,77644.8,77260.8,20.6,50.4,4526,4484
2018/10/28,77030.4,76992,19.4,48.1,3806,4495
2018/10/29,76262.4,76185.6,20.4,51,5136,4667
2018/10/30,78067.2,77836.8,20.8,69.1,5115,4730
2018/10/31,77990.4,77606.4,18.3,79.5,4009,5229
2018/11/1,76723.2,76531.2,17.6,85.7,3348,3688
2018/11/2,77913.6,77644.8,20.2,88,3771,4078
2018/11/3,78028.8,77913.6,20.4,95.1,4030,4435
2018/11/4,78374.4,77913.6,21.2,86.3,4126,4297
2018/11/5,78374.4,78259.2,22.1,81.3,4093,4182
2018/11/6,78681.6,78643.2,23.5,75,3833,4374
2018/11/7,78873.6,78297.6,23.1,80.7,4101,3678
2018/11/8,77875.2,77836.8,23.1,78.7,4309,3672
2018/11/9,78144,77952,21.2,79.9,3944,4340
2018/11/10,78835.2,78374.4,22,75.3,4464,3469
2018/11/11,77913.6,77760,21.8,80.6,4402,3714
2018/11/12,78720,78412.8,20.9,81.5,4619,3717
2018/11/13,76953.6,76915.2,19.8,74.7,4433,4589
2018/11/14,76608,76608,19.9,71.2,4495,4130
2018/11/15,77299.2,77299.2,21.8,71.8,4643,4944
2018/11/16,78835.2,78720,21.6,78.6,4402,4381
2018/11/17,78105.6,78105.6,19.3,87.8,4445,4084
2018/11/18,78643.2,78604.8,21,85.6,4433,4070
2018/11/19,78182.4,77952,18,83.8,4190,4816
2018/11/20,76224,76224,20.8,73.9,4023,4187
2018/11/21,77990.4,77952,20.8,79.2,4526,4550
2018/11/22,76569.6,76569.6,16.6,82,4417,4118
2018/11/23,76339.2,76300.8,16.8,81.8,4371,4521
2018/11/24,77222.4,77107.2,20.2,71.5,4374,4637
2018/11/25,77222.4,77030.4,20.3,71.4,4437,4650
2018/11/26,76761.6,76646.4,18.5,82.6,4402,4479
2018/11/27,77337.6,77260.8,18.5,77.7,4340,4463
2018/11/28,76531.2,76416,17.2,78.9,4650,4331
2018/11/29,76108.8,75916.8,18.6,66.2,5053,4657
2018/11/30,76531.2,76492.8,20.9,67,3503,4100
2019/2/1,75571.2,75456,13.6,76.2,3627,4055
2019/2/2,75840,75609.6,18,73.3,3937,4325
2019/2/3,77376,77299.2,20.2,73.7,4154,3990
2019/2/4,77107.2,77107.2,15.8,83.1,4216,4573
2019/2/5,76224,76224,15.5,88.2,4340,4357
2019/2/6,76569.6,76185.6,19,78.2,4371,4871
2019/2/7,77990.4,77606.4,19.7,71.1,4030,4214
2019/2/8,76224,75993.6,14.5,85.6,4448,4411
2019/2/9,75571.2,75494.4,14.2,86.2,4402,4115
2019/2/10,74995.2,74995.2,14.5,89.5,3937,3718
2019/2/11,75494.4,75379.2,15,82.9,4030,4501
2019/2/12,77030.4,76876.8,17.8,87.9,4030,4676
2019/2/13,77068.8,76915.2,16.5,86.1,4188,4468
2019/2/14,75187.2,75033.6,16.2,91.7,4557,4689
2019/2/15,76492.8,76262.4,19.2,81.3,4526,4458
2019/2/16,75993.6,75955.2,15.5,83.2,4541,4251
2019/2/17,76032,75801.6,14.1,82.8,4572,4337
2019/2/18,76185.6,75916.8,16.6,91.3,4360,3926
2019/2/19,76531.2,76492.8,20,80.9,4495,4064
2019/2/20,77875.2,77145.6,20.1,85.8,4309,3766
2019/2/21,76492.8,76339.2,18.6,85.5,4547,3869
2019/2/22,76185.6,76070.4,14.7,85.5,4030,4038
2019/2/23,76032,75801.6,12.9,83.4,4619,4393
2019/2/24,75686.4,75417.6,13.7,92.6,4687,3797
2019/2/25,75609.6,75532.8,15.5,84,4638,4950
2019/2/26,75340.8,75302.4,16.4,81.3,4947,4868
2019/2/27,76953.6,75916.8,18,83.4,4557,4566
2019/2/28,76224,75993.6,16,87,4193,4342
2019/3/1,76377.6,76300.8,17.7,85.9,3340,3604
2019/3/2,77068.8,76915.2,19.1,83.2,3503,4963
2019/3/3,76300.8,76070.4,15.9,88.5,3968,3582
2019/3/4,76032,76032,17,71.2,4340,4287
2019/3/5,75264,75187.2,17.8,76.8,3472,3233
2019/3/6,73497.6,72729.6,15.5,83.3,1612,755
2019/3/7,75033.6,74880,11.8,84.7,4495,4907
2019/3/8,74841.6,74534.4,14.2,91,4440,4197
2019/3/9,75302.4,75264,15.9,94.5,4433,4651
2019/3/10,75225.6,75110.4,14.5,83.2,4433,4513
2019/3/11,75148.8,75110.4,14.9,70.7,4433,4408
2019/3/12,75110.4,75033.6,18.5,58.5,4216,3839
2019/3/13,76185.6,76147.2,19.3,61.9,4678,3885
2019/3/14,76761.6,76569.6,17.1,80.3,4448,3772
2019/3/15,75264,75225.6,16.4,52.8,4464,4200
2019/3/16,75878.4,75878.4,16.5,66.3,4493,4343
2019/3/17,76416,76377.6,18.1,81.7,4502,4474
2019/3/18,77145.6,77068.8,18.4,86.1,4433,4595
2019/3/19,77030.4,76876.8,20.1,76.1,3905,2996
2019/3/20,77145.6,76915.2,22,83.2,4123,3825
2019/3/21,77184,77145.6,23.2,75.4,4247,4113
2019/3/22,77376,77184,17.7,79.6,4185,4745
2019/3/23,74880,74803.2,14.1,79.3,4473,3705
2019/3/24,75993.6,75724.8,15.5,87,4546,4428
2019/3/25,75609.6,75532.8,16.3,92.6,4192,4308
2019/3/26,75379.2,75302.4,18.5,76.8,4466,4385
2019/3/27,76454.4,76416,20.8,77.4,4717,3842
2019/3/28,78144,78067.2,23.3,78.8,4591,4601
2019/3/29,78297.6,78144,20,83,4898,4884
2019/3/30,76800,76454.4,19.6,72.6,4107,4290
2019/3/31,75878.4,75686.4,17.1,72.3,4373,5447
2019/4/1,76454.4,75993.6,15.7,77,3968,2628
2019/4/2,75571.2,75494.4,18.1,83.8,2826,2833
2019/4/3,75532.8,75494.4,18,89.9,3689,3965
2019/4/4,77337.6,77145.6,20,84.8,4340,4444
2019/4/5,76646.4,76454.4,18.7,82.3,4681,4354
2019/4/6,76838.4,76761.6,20.9,77.9,4603,4787
2019/4/7,77299.2,77068.8,22.7,78.1,4340,4088
2019/4/8,77452.8,77414.4,24.1,73.9,4526,4617
2019/4/9,79488,79219.2,24.2,80.1,4551,4522
2019/4/10,79027.2,78643.2,22.3,76.7,4557,4245
2019/4/11,76108.8,76108.8,18.3,84.3,3725,3839
2019/4/12,75532.8,75417.6,17.8,76.8,4380,4378
2019/4/13,77222.4,77145.6,19.5,88.6,4340,4206
2019/4/14,77107.2,76992,20.2,78.6,4386,4291
2019/4/15,76185.6,76185.6,18.1,75.1,3995,3757
2019/4/16,75494.4,75494.4,17.5,92.2,4402,4414
2019/4/17,75840,75724.8,20.4,69.2,4123,4582
2019/4/30,75955.2,75801.6,24.2,79.7,3565,4972
2019/5/1,76185.6,76147.2,18.9,78.8,4030,3337
2019/5/2,74688,74419.2,17.8,78.8,4061,3778
2019/5/3,74457.6,74227.2,20.5,64.3,4092,3330
2019/5/4,74649.6,74649.6,20.3,72.5,4032,3467
2019/5/5,75840,75532.8,22.2,68,4061,4663
2019/5/6,75763.2,75532.8,18.6,83,4139,4108
2019/5/7,74035.2,73420.8,17.4,82.1,4123,3682
2019/5/8,74918.4,74841.6,18.8,92.7,4274,3940
2019/5/9,75264,75264,18.6,92.7,3485,3341
2019/5/10,75187.2,75148.8,20,86,3596,2968
2019/5/11,77337.6,77107.2,22.1,82.1,4061,3831
2019/5/12,78758.4,78758.4,24.7,77.3,3751,3764
2019/5/13,78604.8,78566.4,25.1,72.4,4442,4437
2019/5/14,79296,79180.8,24.6,81.4,4867,4924
2019/5/15,78643.2,78451.2,25.2,80.2,4557,4167
2019/5/16,79411.2,79219.2,25.8,80,4154,4660
2019/5/17,79603.2,79449.6,24.6,82.4,4324,4016
2019/5/18,79987.2,79910.4,24.8,89,4278,3998
2019/5/19,80563.2,80524.8,26.8,74.2,4324,4459
2019/5/20,79948.8,79910.4,21.2,80.2,4355,4202
2019/5/21,76569.6,76262.4,20.8,57.5,3906,3902
2019/5/22,76915.2,76876.8,21.3,70.8,4340,4600
2019/5/23,77798.4,77644.8,21.7,81.8,4402,4431
2019/5/24,78796.8,78643.2,24.5,75,4568,4482
2019/5/25,79526.4,79180.8,24.1,78.4,4599,4658
2019/5/26,78681.6,78374.4,25.2,74.8,4712,4794
2019/5/27,79564.8,79526.4,24.6,82.9,4321,4661
2019/5/28,78720,78451.2,20.9,88,4712,4533
2019/5/29,76915.2,76800,20,73.1,4991,4457
2019/5/30,78681.6,78566.4,23.5,81.1,4929,4553
2019/5/31,78182.4,78144,25.1,77.3,3977,4287
2019/6/1,79065.6,79027.2,25.4,80.4,3100,4444
2019/6/2,79411.2,79411.2,26.9,71.6,3627,4322
2019/6/3,79065.6,78950.4,26.1,73.7,4220,4775
2019/6/4,78720,78374.4,25,78,3103,3644
2019/6/5,78950.4,78835.2,26.6,73.1,3748,3161
2019/6/6,80256,80179.2,27.1,73.8,4510,3197
2019/6/7,80294.4,80217.6,27,74.3,3988,4514
2019/6/8,79680,79603.2,26.8,74.1,4061,4608
2019/6/9,79987.2,79833.6,28,63.5,4425,4105
2019/6/10,78796.8,78681.6,24.6,79.2,4016,3953
2019/6/11,78873.6,78681.6,22.1,90.6,4328,3985
2019/6/12,78451.2,78259.2,21.3,90.7,4449,3215
2019/6/13,78336,77952,22.5,95.3,3674,4215
2019/6/14,78220.8,77760,21.3,85.3,4774,4649
2019/6/15,76876.8,76800,23.2,65.1,4650,4317
2019/6/16,78451.2,78067.2,26.5,66.2,4497,5137
2019/6/17,78720,78604.8,26.6,75.6,3989,4361
2019/6/18,80486.4,80486.4,27.2,76.2,4732,3924
2019/6/19,79142.4,79104,27.3,77.3,4390,4981
2019/6/20,79948.8,79756.8,27.7,70.4,4495,4159
2019/6/21,79257.6,79142.4,28,68.7,3742,4111
2019/6/22,80140.8,79795.2,26.5,78.5,4375,4843
2019/6/23,79488,79372.8,23.4,90.5,4714,4774
2019/6/24,78182.4,78067.2,22.7,90.6,4580,4294
2019/6/25,78912,78489.6,24.5,80.9,4061,4549
2019/6/26,78796.8,78758.4,25.4,81.2,4454,4023
2019/6/27,78873.6,78796.8,26.7,77.9,4602,4690
2019/6/28,79564.8,79526.4,27.9,73.4,4270,4719
2019/6/29,80832,80755.2,27.9,76.4,4009,4468
2019/6/30,80716.8,80640,27.5,74.6,5022,4913
2019/8/1,79795.2,79795.2,27,70.8,3407,2754
2019/8/2,78067.2,77798.4,27.2,65.8,3624,3829
2019/8/3,78220.8,78182.4,27.4,67.7,3684,4025
2019/8/4,79603.2,79564.8,27.9,72.9,4057,4201
2019/8/5,79027.2,78950.4,28,70.8,3892,4183
2019/8/6,78220.8,77875.2,27.9,62.8,4061,4031
2019/8/7,78336,78336,26.7,80.6,3846,2883
2019/8/8,79180.8,78988.8,25.4,91.1,3859,4011
2019/8/9,79795.2,79795.2,25.5,85.3,4526,4179
2019/8/10,78988.8,78796.8,28.5,72,4526,4179
2019/8/11,79910.4,79526.4,27.6,78.6,4402,4376
2019/8/12,78758.4,78720,26.6,78.1,4486,4293
2019/8/13,78028.8,77836.8,27.1,72.5,4650,4118
2019/8/14,78912,78835.2,27.5,76.4,4010,3740
2019/8/15,79065.6,78566.4,26.5,76,4526,4210
2019/8/16,77644.8,77606.4,26.6,75.7,4487,4003
2019/8/17,78604.8,78489.6,27.5,72.9,4278,4514
2019/8/18,80256,80140.8,26.3,77.9,4301,4599
2019/8/19,80448,80256,24,85.1,3596,3472
2019/8/20,76108.8,76032,25.1,80.7,3472,3827
2019/8/21,77760,77414.4,24.8,82.3,4515,4626
2019/8/22,77529.6,77414.4,27.6,73.8,4360,4035
2019/8/23,78336,77952,27.6,70.1,4097,4117
2019/8/24,77798.4,77760,26.5,74.3,4092,3939
2019/8/25,79027.2,78988.8,26.7,79.6,4433,4434
2019/8/26,78720,78681.6,26.5,80.4,4464,4421
2019/8/27,77529.6,77452.8,26.5,78.7,4557,3939
2019/8/28,78681.6,78604.8,27.7,76.6,4526,4763
2019/8/29,77760,77721.6,27.9,73.4,4821,4839
2019/8/30,78028.8,77836.8,24.8,84.6,4571,4473
2019/8/31,78028.8,77760,27.1,70.8,4154,4070
2019/9/1,78336,78297.6,26.3,76.8,3007,4520
2019/9/2,78105.6,77875.2,27.5,74.5,3503,3495
2019/9/3,76876.8,76761.6,27,67,4001,3451
2019/9/4,76953.6,76876.8,25,79.7,3630,4223
2019/9/5,76262.4,76224,24,87.2,3601,3902
2019/9/6,76416,76339.2,26.3,76,3720,3725
2019/9/7,77260.8,77222.4,26.5,74.4,3937,4649
2019/9/8,76262.4,76224,26.4,69.2,3782,4281
2019/9/9,76416,75916.8,26.9,71.1,3925,3752
2019/9/10,76684.8,76646.4,27.5,68.5,3714,4371
2019/9/11,76992,76838.4,27.9,67.1,3991,3996
2019/9/12,77030.4,76569.6,27.3,65.9,3911,3411
2019/9/13,75955.2,75763.2,27,67.4,3570,4176
2019/9/14,76454.4,76377.6,26.4,69.8,3720,4262
2019/9/15,76032,75955.2,23.5,85.6,3722,4629
2019/9/16,76377.6,76262.4,23.6,80.4,3698,4871
2019/9/17,75148.8,74956.8,23.5,79.7,3720,4088
2019/9/18,74764.8,74649.6,22.9,75.5,3875,3532
2019/9/19,73228.8,73113.6,22.4,75.6,3766,4369
2019/9/20,72537.6,72499.2,19.7,86.7,3720,4483
2019/9/21,72268.8,72115.2,20.2,80.9,3504,4503
2019/9/22,73190.4,73075.2,21.7,72.4,3503,3814
2019/9/23,72691.2,72537.6,22.6,70.6,3599,3173
2019/9/24,72537.6,72499.2,22.5,66.2,3418,3622
2019/9/25,72000,71769.6,23,66.1,3450,3660
2019/9/26,72460.8,72307.2,24,78.3,3162,4264
2019/9/27,72499.2,72499.2,23.4,84.6,3363,3987
2019/9/28,73881.6,73843.2,24.3,83.3,3224,3984
2019/9/29,72806.4,72768,25.1,81.2,3224,3360
2019/9/30,71731.2,71577.6,22.3,87.6,3131,2639
2019/10/1,71385.6,71232,24.8,68,3068,3009
2019/10/2,71040,71040,26.1,73.3,2825,3223
2019/10/3,72076.8,72038.4,25.4,77.8,2861,3324
2019/10/4,74304,72883.2,25.2,74.9,3029,3762
2019/10/5,71424,71193.6,25.8,64,2524,3206
2019/10/6,72460.8,71769.6,25.1,66.4,3534,3088
2019/10/7,72345.6,71347.2,25.5,69.9,3503,3855
2019/10/8,71270.4,70886.4,24.5,68.5,3521,3626
2019/10/9,71270.4,71193.6,23.6,70.8,3328,3726
2019/10/10,70118.4,69964.8,23.4,66.3,3007,4043
2019/10/11,69964.8,69811.2,23.8,69.9,3217,2793
2019/10/12,70425.6,70387.2,24.3,70,3467,2930
2019/10/13,70464,70425.6,23.7,66.7,3441,3526
2019/10/14,70310.4,70156.8,23.3,60.3,3424,3047
2019/10/15,68083.2,68044.8,22.1,61.6,3416,2596
2019/10/16,69849.6,69388.8,21.7,73.4,3471,2482
2019/10/17,68851.2,68774.4,21.6,64.5,3303,2268
2019/10/18,68659.2,68582.4,21.4,69.6,3439,3410
2019/10/19,71577.6,70732.8,20.1,77.5,3379,3159
2019/10/20,70540.8,70502.4,21,68.6,3317,4173
2019/10/21,70310.4,70080,20.2,68.8,3319,3986
2019/10/22,69312,68966.4,22.2,63.2,3506,3398
2019/10/23,69235.2,69043.2,21.8,69.7,3419,2923
2019/10/24,69350.4,69235.2,21.9,67.2,3500,3461
2019/10/25,69273.6,69273.6,22.1,63.8,3538,3360
2019/10/26,69081.6,69043.2,21.9,65,3658,3500
2019/10/27,72230.4,71961.6,22.3,73.7,3658,4047
2019/10/28,69964.8,69926.4,21.4,82,3410,2561
2019/10/29,69772.8,69542.4,19.1,86.7,4081,3387
2019/10/30,70118.4,70041.6,20.7,80.5,3989,3326
2019/10/31,71846.4,71385.6,21.6,84.8,3193,3479
2019/12/1,70963,70425,19.1875,79.46875,3762,4074
2019/12/2,69619,69388,13.41875,80.01041667,3410,4005
2019/12/3,68889,68620,13.91145833,63.41666667,3822,3484
2019/12/4,69619,69504,14.64583333,67.84375,3255,3798
2019/12/5,69849,69542,12.66770833,94.48958333,3727,4157
2019/12/6,68736,68697,12.86354167,94.01041667,3720,3551
2019/12/7,69849,69734,11.665625,85.30208333,3735,3677
2019/12/8,69196,69081,13.971875,58.28125,3906,3634
2019/12/9,69081,68812,15.928125,68.21875,4030,3117
2019/12/10,69696,69696,16.884375,72.0625,3926,4666
2019/12/11,70272,70233,17.08854167,75.77083333,4030,3393
2019/12/12,69504,69504,16.646875,63.98958333,4216,3388
2019/12/13,69196,69043,17.00625,78.47916667,4038,3828
2019/12/14,70348,70310,17.603125,81.58333333,4040,4994
2019/12/15,70732,70579,19.39791667,74.83333333,4097,3796
2019/12/16,70656,70579,19.06979167,74.15625,3998,3854
2019/12/17,70272,70118,21.40833333,69.80208333,3906,3341
2019/12/18,71193,70924,18.66145833,87.3125,3903,3945
2019/12/19,70502,70502,17.11354167,89.52083333,4115,3938
2019/12/20,69696,69542,16.65104167,87.46875,4032,4026
2019/12/21,70310,70310,17.18333333,96.36458333,3925,4786
2019/12/22,71308,71078,17.45833333,90.42708333,3818,4213
2019/12/23,70118,69849,16.91875,85.53125,3937,3736
2019/12/24,69849,69657,17.253125,88.58333333,3937,3726
2019/12/25,69542,69350,18.1125,84.98958333,3720,3354
2019/12/26,70195,70118,17.80520833,83,3761,3879
2019/12/27,69081,68966,13.11354167,75.33333333,3875,4029
2019/12/28,69504,69427,16.83020833,73.34375,3704,3565
2019/12/29,70656,70348,16.87916667,91.875,3720,3920
2019/12/30,70387,70041,17.63645833,93.14583333,3751,2941
2019/12/31,69004,68928,13.32708333,88.4375,3753,2705
2020/1/1,69465,69196,13.71666667,85.79166667,3627,3033
2020/1/2,68467,68467,16.78854167,77.25,3611,3017
2020/1/3,68505,68352,17.409375,75.09375,4055,3700
2020/1/4,69350,69312,17.78229167,75.73958333,4071,3797
2020/1/5,69734,69580,18.9875,76.51041667,4075,4079
2020/1/6,70464,70310,18.246875,84.1875,3892,3539
2020/1/7,68582,68352,19.51458333,71.79166667,3802,3467
2020/1/8,68620,68467,15.85208333,73.88541667,3848,3926
2020/1/9,67929,67891,16.5,72.40625,3813,2827
2020/1/10,68889,68774,17.965625,77.75,3699,3052
2020/1/11,69043,68736,16.64270833,84.72916667,3720,3367
2020/1/12,69388,69196,12.190625,89.98958333,3658,3344
2020/1/13,67161,67084,13.55,84.66666667,1395,1557
2020/1/14,65702,65433,14.86666667,85.88541667,372,320
2020/1/15,67161,67123,15.97916667,84.83333333,3283,3021
2020/1/16,68390,68313,16.57083333,85.64583333,4558,4051
2020/1/17,69158,68774,12.40833333,93.32291667,4001,4082
2020/1/18,69542,68966,11.340625,84.9375,3999,3405
2020/1/19,68889,68851,12.28958333,91.625,4185,3975
2020/1/20,68160,68121,12.909375,80.97916667,4184,4026
2020/1/21,68390,68275,15.83958333,73.01041667,4324,3974
2020/1/22,69926,69888,18.46458333,74.03125,4252,4269
2020/1/23,69888,69657,19.54583333,74.08333333,4278,3897
2020/1/24,70540,70502,17.04166667,95.65625,4361,4819
2020/1/25,70617,70310,16.07708333,96.07291667,4309,4463
2020/1/26,71116,70694,14.97291667,96.01041667,4212,3455
2020/1/27,69888,69849,11.74479167,91.21875,4092,3162
2020/1/28,69465,69427,10.6,86.45833333,3937,4567
2020/1/29,68966,68812,9.057291667,79.32291667,4157,4429
2020/1/30,69427,69196,8.880208333,59.08333333,4374,3967
2020/1/31,69657,69465,9.40625,58.27083333,4182,3982
2020/2/1,70003,69926,8.2,70,3802,4151
2020/2/2,70080,70041,16,70,3813,3867
2020/2/3,70348,70195,18.5,74,3797,4227
2020/2/4,69772,69734,14.75,91.75,3719,4040
2020/2/5,69004,68620,14.15625,86.29166667,4123,3547
2020/2/6,68736,68659,16.375,80.25,3735,3820
2020/2/7,70233,70195,14.875,91.875,3818,4154
2020/2/8,70233,69811,13.625,82.875,4098,3706
2020/2/9,70348,69772,12.25,84.25,3565,3386
2020/2/10,69542,69388,14.25,76,3472,3135
2020/2/11,69312,69043,15.75,85.125,3679,3531
2020/2/12,69619,69619,18,84,4115,3123
2020/2/13,71539,71424,19.875,86,4278,4006
2020/2/14,71308,71116,19.5,89.5,3928,3204
2020/2/15,72729,72691,21.125,87.5,3989,4465
2020/2/16,72345,72268,14,93.125,4193,4020
2020/2/17,69772,69619,9,68.625,4149,3806
2020/2/18,69312,68889,9.5,62.875,3726,3549
2020/2/19,69964,69849,13.875,74.875,4162,4131
2020/2/20,70195,70003,16.625,72.75,4166,3959
2020/2/21,70080,69964,17.875,82.25,3899,4128
2020/2/22,70617,70348,18,84.125,3968,4477
2020/2/23,69926,69696,20.51354167,80.26041667,3720,3887
2020/2/24,71500,71424,19.33333333,81.41666667,3937,4033
2020/2/25,71040,70924,20.25,80.125,3848,4262
2020/2/26,70848,70809,20.125,82,3953,3370
2020/2/27,69964,69734,17.75,84.125,4093,5379
2020/2/28,71308,71116,19.125,82,3999,4277
2020/2/29,71270,71193,20,77.5,3968,4649
2020/4/1,69542,69465,16.875,85.875,3720,3622
2020/4/2,70118,69964,16.375,81.125,4193,4020
2020/4/3,70924,70656,18.125,89.25,4160,3421
2020/4/4,69657,69580,16.25,86.75,3813,3486
2020/4/5,69696,69657,14.875,70,3844,4818
2020/4/6,69312,69273,15.625,79,4030,3747
2020/4/7,70080,69926,15.5,79.125,3848,3517
2020/4/8,69504,69427,16.125,82,3536,3642
2020/4/9,69312,69235,17.5,86,3627,4454
2020/4/10,70502,70310,19.875,81,4185,3355
2020/4/11,71193,70809,17.75,85.25,4207,4474
2020/4/12,69888,69619,11.5,81.75,4185,4317
2020/4/13,69734,69696,13.125,61.375,4242,3674
2020/4/14,68966,68736,16.125,63.125,4107,3743
2020/4/15,69235,69235,17.75,74,4034,3677
2020/4/16,70156,70080,18.375,60.875,3675,3222
2020/4/17,70272,70003,20.75,60.375,3790,3439
2020/4/18,71500,71232,21.125,72.125,3844,3703
2020/4/19,72076,71961,22.125,86.625,3432,3222
2020/4/20,71385,71347,22.5,84.125,3595,3109
2020/4/21,71155,71001,21.375,86.5,3605,3752
2020/4/22,69926,69542,17.75,88.875,3945,3729
2020/4/23,69849,69619,16.75,88,3888,4501
2020/4/24,70118,69849,14.875,80.625,4771,4020
2020/4/25,70348,70195,18.125,83.75,4309,4213
2020/4/26,71193,70886,18,89,4488,4307
2020/4/27,70694,70656,19.625,73.25,4384,4412
2020/4/28,70464,70233,21.125,67,4169,3964
2020/4/29,69849,69811,22.25,74.125,4089,3961
2020/4/30,71500,71193,22.875,78,4046,4562
2020/5/1,72000,71961,23.75,71.25,4030,4209
2020/5/2,71808,71654,24.375,70.625,4030,2897
2020/5/3,72499,72345,25.5,77.25,3751,3701
2020/5/4,71846,71692,26.5,76.125,4034,3281
2020/5/5,73996,73804,26.625,79.875,3203,2842
2020/5/6,72499,72076,26.75,71.625,3345,3089
2020/5/7,72652,72576,24.625,86.125,4084,4045
2020/5/8,73190,73036,26.875,77.5,3410,3860
2020/5/9,74342,73881,27.75,78.875,3628,3313
2020/5/10,74995,74956,28.125,77.5,4123,4250
2020/5/11,73305,73113,25,90.25,4402,4136
2020/5/12,72614,72268,22.5,87.75,4333,4553
2020/5/13,71616,71577,24.5,62.75,4331,4225
2020/5/14,73075,72883,25.875,71.75,4309,3642
2020/5/15,73113,72768,27.125,71.25,4115,4171
2020/5/16,74649,74380,26.875,79.625,4309,4242
2020/5/17,73152,73075,26.75,79.875,4221,4314
2020/5/18,72038,71808,24.5,82.75,4297,4203
2020/5/19,71462,71462,21.875,91.375,4269,3996
2020/5/20,71347,71270,22.375,86.625,4084,3614
2020/5/21,73113,72921,22.625,88.375,4247,4435
2020/5/22,72960,72921,21.875,93.25,4247,4775
2020/5/23,72921,72806,22,89.125,4278,4105
2020/5/24,73612,73382,24,83.875,4247,3527
2020/5/25,73036,72883,25.125,85,4216,4219
2020/5/26,73689,73459,26,85.125,3844,3678
2020/5/27,72768,72691,23.125,92.5,4279,4698
2020/5/28,73267,72729,22.625,91.875,4510,3610
2020/5/29,73382,73344,24.375,89.25,3704,4473
2020/5/30,74380,74227,25.75,85.625,4309,4196
2020/5/31,75225,75110,25.875,83.375,3949,3634
2020/6/1,73843,73804,25.875,88.125,3193,3891
2020/6/2,73420,73420,26.125,83.5,3707,3857
2020/6/3,73536,73382,26.875,78.875,3813,3828
2020/6/4,73689,73497,26.875,77.125,4027,3407
2020/6/5,73689,73689,27.5,73.875,4030,3463
2020/6/6,73651,73382,27.75,73.625,4123,3720
2020/6/7,72806,72729,26.75,82.875,3999,4228
2020/6/8,72384,72307,25.625,91.25,4019,4523
2020/6/9,72691,72614,25.125,82.5,4061,4201
2020/6/10,72844,72806,26.25,82.75,3156,2598
2020/6/11,73728,73536,27.125,84.75,3931,2942
2020/6/12,74611,74534,27.375,81.5,3621,3573
2020/6/13,74380,74304,27.625,77,4059,4306
2020/6/14,74841,74841,28.125,82.875,4211,3722
2020/6/15,74572,74534,28,79.5,3331,3031
2020/6/16,73728,73574,28.125,80.25,3044,3293
2020/6/17,73228,73152,28.375,75.875,3317,3487
2020/6/18,74265,74112,28.625,75.625,4340,4579
2020/6/19,74726,74457,28.75,68.875,3813,3882
2020/6/20,74572,74572,28.5,71.5,4371,4099
2020/6/21,74227,74188,28.375,71.5,4154,4045
2020/6/22,74304,74188,29,74.5,4280,4165
2020/6/23,75187,74841,29.375,74.125,3988,4506
2020/6/24,75456,75148,29.375,70.625,4996,4392
2020/6/25,75072,75072,29.125,66.875,4464,4069
2020/6/26,74956,74956,28.75,73.625,4017,4175
2020/6/27,75340,75302,28.5,71.125,4718,3994
2020/6/28,75225,74995,26,80,5025,4361
2020/6/29,75264,75110,29.125,73.375,5084,4446
2020/6/30,75072,74918,29.5,71.25,4309,4425
2020/7/1,73920,73651,29.125,77.25,3876,3659
2020/7/2,73843,73267,29,84.75,3765,3777
2020/7/3,73574,73420,28.5,73.75,3534,3505
2020/7/4,73881,73804,28.875,71,4061,4165
2020/7/5,73497,73113,28.875,69.375,3923,3962
2020/7/6,73497,73382,28.75,67.5,3743,3555
2020/7/7,74918,74688,27,77,4216,4298
